DATE;FEDFUNDS;
01/01/2000;5,45;
01/02/2000;5,73;
01/03/2000;5,85;
01/04/2000;6,02;
01/05/2000;6,27;
01/06/2000;6,53;
01/07/2000;6,54;
01/08/2000;6,5;
01/09/2000;6,52;
01/10/2000;6,51;
01/11/2000;6,51;
01/12/2000;6,4;
01/01/2001;5,98;
01/02/2001;5,49;
01/03/2001;5,31;
01/04/2001;4,8;
01/05/2001;4,21;
01/06/2001;3,97;
01/07/2001;3,77;
01/08/2001;3,65;
01/09/2001;3,07;
01/10/2001;2,49;
01/11/2001;2,09;
01/12/2001;1,82;
01/01/2002;1,73;
01/02/2002;1,74;
01/03/2002;1,73;
01/04/2002;1,75;
01/05/2002;1,75;
01/06/2002;1,75;
01/07/2002;1,73;
01/08/2002;1,74;
01/09/2002;1,75;
01/10/2002;1,75;
01/11/2002;1,34;
01/12/2002;1,24;
01/01/2003;1,24;
01/02/2003;1,26;
01/03/2003;1,25;
01/04/2003;1,26;
01/05/2003;1,26;
01/06/2003;1,22;
01/07/2003;1,01;
01/08/2003;1,03;
01/09/2003;1,01;
01/10/2003;1,01;
01/11/2003;1;
01/12/2003;0,98;
01/01/2004;1;
01/02/2004;1,01;
01/03/2004;1;
01/04/2004;1;
01/05/2004;1;
01/06/2004;1,03;
01/07/2004;1,26;
01/08/2004;1,43;
01/09/2004;1,61;
01/10/2004;1,76;
01/11/2004;1,93;
01/12/2004;2,16;
01/01/2005;2,28;
01/02/2005;2,5;
01/03/2005;2,63;
01/04/2005;2,79;
01/05/2005;3;
01/06/2005;3,04;
01/07/2005;3,26;
01/08/2005;3,5;
01/09/2005;3,62;
01/10/2005;3,78;
01/11/2005;4;
01/12/2005;4,16;
01/01/2006;4,29;
01/02/2006;4,49;
01/03/2006;4,59;
01/04/2006;4,79;
01/05/2006;4,94;
01/06/2006;4,99;
01/07/2006;5,24;
01/08/2006;5,25;
01/09/2006;5,25;
01/10/2006;5,25;
01/11/2006;5,25;
01/12/2006;5,24;
01/01/2007;5,25;
01/02/2007;5,26;
01/03/2007;5,26;
01/04/2007;5,25;
01/05/2007;5,25;
01/06/2007;5,25;
01/07/2007;5,26;
01/08/2007;5,02;
01/09/2007;4,94;
01/10/2007;4,76;
01/11/2007;4,49;
01/12/2007;4,24;
01/01/2008;3,94;
01/02/2008;2,98;
01/03/2008;2,61;
01/04/2008;2,28;
01/05/2008;1,98;
01/06/2008;2;
01/07/2008;2,01;
01/08/2008;2;
01/09/2008;1,81;
01/10/2008;0,97;
01/11/2008;0,39;
01/12/2008;0,16;
01/01/2009;0,15;
01/02/2009;0,22;
01/03/2009;0,18;
01/04/2009;0,15;
01/05/2009;0,18;
01/06/2009;0,21;
01/07/2009;0,16;
01/08/2009;0,16;
01/09/2009;0,15;
01/10/2009;0,12;
01/11/2009;0,12;
01/12/2009;0,12;
01/01/2010;0,11;
01/02/2010;0,13;
01/03/2010;0,16;
01/04/2010;0,2;
01/05/2010;0,2;
01/06/2010;0,18;
01/07/2010;0,18;
01/08/2010;0,19;
01/09/2010;0,19;
01/10/2010;0,19;
01/11/2010;0,19;
01/12/2010;0,18;
01/01/2011;0,17;
01/02/2011;0,16;
01/03/2011;0,14;
01/04/2011;0,1;
01/05/2011;0,09;
01/06/2011;0,09;
01/07/2011;0,07;
01/08/2011;0,1;
01/09/2011;0,08;
01/10/2011;0,07;
01/11/2011;0,08;
01/12/2011;0,07;
01/01/2012;0,08;
01/02/2012;0,1;
01/03/2012;0,13;
01/04/2012;0,14;
01/05/2012;0,16;
01/06/2012;0,16;
01/07/2012;0,16;
01/08/2012;0,13;
01/09/2012;0,14;
01/10/2012;0,16;
01/11/2012;0,16;
01/12/2012;0,16;
01/01/2013;0,14;
01/02/2013;0,15;
01/03/2013;0,14;
01/04/2013;0,15;
01/05/2013;0,11;
01/06/2013;0,09;
01/07/2013;0,09;
01/08/2013;0,08;
01/09/2013;0,08;
01/10/2013;0,09;
01/11/2013;0,08;
01/12/2013;0,09;
01/01/2014;0,07;
01/02/2014;0,07;
01/03/2014;0,08;
01/04/2014;0,09;
01/05/2014;0,09;
01/06/2014;0,1;
01/07/2014;0,09;
01/08/2014;0,09;
01/09/2014;0,09;
01/10/2014;0,09;
01/11/2014;0,09;
01/12/2014;0,12;
01/01/2015;0,11;
01/02/2015;0,11;
01/03/2015;0,11;
01/04/2015;0,12;
01/05/2015;0,12;
01/06/2015;0,13;
01/07/2015;0,13;
01/08/2015;0,14;
01/09/2015;0,14;
01/10/2015;0,12;
01/11/2015;0,12;
01/12/2015;0,24;
01/01/2016;0,34;
01/02/2016;0,38;
01/03/2016;0,36;
01/04/2016;0,37;
01/05/2016;0,37;
01/06/2016;0,38;
01/07/2016;0,39;
01/08/2016;0,4;
01/09/2016;0,4;
01/10/2016;0,4;
01/11/2016;0,41;
01/12/2016;0,54;
01/01/2017;0,65;
01/02/2017;0,66;
01/03/2017;0,79;
01/04/2017;0,9;
01/05/2017;0,91;
01/06/2017;1,04;
01/07/2017;1,15;
01/08/2017;1,16;
01/09/2017;1,15;
01/10/2017;1,15;
01/11/2017;1,16;
01/12/2017;1,3;
01/01/2018;1,41;
01/02/2018;1,42;
01/03/2018;1,51;
01/04/2018;1,69;
01/05/2018;1,7;
01/06/2018;1,82;
01/07/2018;1,91;
01/08/2018;1,91;
01/09/2018;1,95;
01/10/2018;2,19;
01/11/2018;2,2;
01/12/2018;2,27;
01/01/2019;2,4;
01/02/2019;2,4;
01/03/2019;2,41;
01/04/2019;2,42;
01/05/2019;2,39;
01/06/2019;2,38;
01/07/2019;2,4;
01/08/2019;2,13;
01/09/2019;2,04;
01/10/2019;1,83;
01/11/2019;1,55;
01/12/2019;1,55;
01/01/2020;1,55;
01/02/2020;1,58;
01/03/2020;0,65;
01/04/2020;0,05;
01/05/2020;0,05;
01/06/2020;0,08;
01/07/2020;0,09;
01/08/2020;0,1;
01/09/2020;0,09;
01/10/2020;0,09;
01/11/2020;0,09;
01/12/2020;0,09;
01/01/2021;0,09;
01/02/2021;0,08;
01/03/2021;0,07;
01/04/2021;0,07;
01/05/2021;0,06;
01/06/2021;0,08;
01/07/2021;0,1;
01/08/2021;0,09;
01/09/2021;0,08;
01/10/2021;0,08;
01/11/2021;0,08;
01/12/2021;0,08;
01/01/2022;0,08;
01/02/2022;0,08;
01/03/2022;0,2;
01/04/2022;0,33;
01/05/2022;0,77;
01/06/2022;1,21;
01/07/2022;1,68;
01/08/2022;2,33;
01/09/2022;2,56;
01/10/2022;3,08;
01/11/2022;3,78;
01/12/2022;4,1;
01/01/2023;4,33;
01/02/2023;4,57;
01/03/2023;4,65;
01/04/2023;4,83;
01/05/2023;5,06;
01/06/2023;5,08;
01/07/2023;5,12;
01/08/2023;5,33;
01/09/2023;5,33;
01/10/2023;5,33;
01/11/2023;5,33;
01/12/2023;5,33;
01/01/2024;5,33;
01/02/2024;5,33;
01/03/2024;5,33;
01/04/2024;5,33;
01/05/2024;5,33;
01/06/2024;5,33;
01/07/2024;5,33;
01/08/2024;5,33;
01/09/2024;5,13;
01/10/2024;4,83;
01/11/2024;4,64;
01/12/2024;4,48;
01/01/2025;4,33;
01/02/2025;4,33;
01/03/2025;4,33;
